SLC34A2	TCGA-75-6207-01	V563del	V563	ENSP00000430122
SLC34A2	TCGA-17-Z020-01	L264del	L264	ENSP00000430122
SLC34A2	GENIE-DFCI-037706-158964	F538del	F538	ENSP00000430122
SLC34A2	GENIE-DFCI-091511-350714	A628_R640del	A628_R640	ENSP00000430122
SLC34A2	GENIE-DFCI-107096-436209	I149_V153del	I149_V153	ENSP00000430122
SLC34A2	GENIE-DFCI-108419-437134	D634_P636del	D634_P636	ENSP00000430122
SLC34A2	GENIE-DFCI-108459-436939	C621_C622del	C621_C622	ENSP00000430122
SLC34A2	GENIE-DFCI-109705-481596	V624_R627del	V624_R627	ENSP00000430122
SLC34A2	GENIE-DFCI-122386-1099685	I403del	I403	ENSP00000430122
SLC34A2	GENIE-DFCI-120863-1304343	V563del	V563	ENSP00000430122
SLC34A2	GENIE-DFCI-129443-1304474	K281del	K281	ENSP00000430122
SLC34A2	GENIE-DFCI-132225-1358675	R627_C630del	R627_C630	ENSP00000430122
SLC34A2	GENIE-DFCI-137840-1304417	F223_N224delinsY	F223_N224Y	ENSP00000430122
SLC34A2	GENIE-DFCI-143452-1358737	F538del	F538	ENSP00000430122
SLC34A2	GENIE-DFCI-168459-1729437	F538del	F538	ENSP00000430122
SLC34A2	GENIE-DFCI-110223-853011	V299_W302delinsG	V299_W302G	ENSP00000430122
