ENSP00000371483, 65, E, K
ENSP00000371483, 32, S, I
ENSP00000371483, 543, T, S
ENSP00000371483, 46, T, I
ENSP00000371483, 105, L, I
ENSP00000371483, 68, D, G
ENSP00000371483, 428, F, L
ENSP00000371483, 513, R, H
ENSP00000371483, 234, V, M
ENSP00000371483, 448, V, M
ENSP00000371483, 551, G, C
ENSP00000371483, 553, R, Q
ENSP00000371483, 112, V, M
ENSP00000371483, 688, T, M
ENSP00000371483, 121, A, T
ENSP00000371483, 563, V, I
ENSP00000371483, 646, E, D
ENSP00000371483, 584, P, L
ENSP00000371483, 640, R, H
ENSP00000371483, 94, F, L
ENSP00000371483, 434, S, Y
ENSP00000371483, 10, A, T
ENSP00000371483, 646, E, K
ENSP00000371483, 627, R, C
ENSP00000371483, 546, G, D
ENSP00000371483, 649, E, K
ENSP00000371483, 681, S, L
ENSP00000371483, 598, R, H
ENSP00000371483, 473, A, T
ENSP00000371483, 454, A, T
ENSP00000371483, 678, V, D
ENSP00000371483, 503, Y, H
ENSP00000371483, 216, G, V
ENSP00000371483, 658, P, H
ENSP00000371483, 485, L, V
ENSP00000371483, 54, Y, F
ENSP00000371483, 156, L, F
ENSP00000371483, 161, S, N
ENSP00000371483, 598, R, C
ENSP00000371483, 52, P, L
ENSP00000371483, 688, T, A
ENSP00000371483, 228, V, E
ENSP00000371483, 402, T, N
ENSP00000371483, 422, V, F
ENSP00000371483, 370, I, L
ENSP00000371483, 559, G, W
ENSP00000371483, 191, G, A
ENSP00000371483, 506, P, L
ENSP00000371483, 513, R, L
ENSP00000371483, 345, E, K
ENSP00000371483, 553, R, W
ENSP00000371483, 536, F, I
ENSP00000371483, 531, F, L
ENSP00000371483, 99, G, V
ENSP00000371483, 396, A, T
ENSP00000371483, 62, E, K
ENSP00000371483, 257, G, A
ENSP00000371483, 607, V, I
ENSP00000371483, 314, V, I
ENSP00000371483, 167, V, I
ENSP00000371483, 257, G, E
ENSP00000371483, 183, P, H
ENSP00000371483, 649, E, K
ENSP00000371483, 7, L, F
ENSP00000371483, 372, S, F
ENSP00000371483, 97, G, E
ENSP00000371483, 407, F, L
ENSP00000371483, 331, D, N
ENSP00000371483, 179, R, L
ENSP00000371483, 676, G, D
ENSP00000371483, 450, T, S
ENSP00000371483, 544, V, M
ENSP00000371483, 89, G, E
ENSP00000371483, 484, S, L
ENSP00000371483, 15, D, Y
ENSP00000371483, 540, I, M
ENSP00000371483, 7, L, M
ENSP00000371483, 205, G, E
ENSP00000371483, 686, E, K
ENSP00000371483, 327, L, F
ENSP00000371483, 431, Q, H
ENSP00000371483, 388, G, S
ENSP00000371483, 410, P, S
ENSP00000371483, 506, P, R
ENSP00000371483, 578, R, C
ENSP00000371483, 146, G, R
ENSP00000371483, 679, P, L
ENSP00000371483, 179, R, W
ENSP00000371483, 410, P, L
ENSP00000371483, 89, G, E
ENSP00000371483, 447, G, D
ENSP00000371483, 634, D, H
ENSP00000371483, 56, T, M
ENSP00000371483, 94, F, L
ENSP00000371483, 530, V, I
ENSP00000371483, 221, D, V
ENSP00000371483, 530, V, I
ENSP00000371483, 386, I, F
ENSP00000371483, 252, F, V
ENSP00000371483, 617, R, H
ENSP00000371483, 688, T, M
ENSP00000371483, 622, C, R
ENSP00000371483, 396, A, T
ENSP00000371483, 585, K, T
ENSP00000371483, 562, V, I
ENSP00000371483, 155, V, I
ENSP00000371483, 581, R, C
ENSP00000371483, 581, R, H
ENSP00000371483, 198, I, F
ENSP00000371483, 310, T, A
ENSP00000371483, 585, K, N
ENSP00000371483, 295, N, S
ENSP00000371483, 396, A, T
ENSP00000371483, 400, K, N
ENSP00000371483, 606, V, I
ENSP00000371483, 108, L, I
ENSP00000371483, 483, S, G
ENSP00000371483, 86, D, Y
ENSP00000371483, 293, A, V
ENSP00000371483, 642, S, I
ENSP00000371483, 526, R, C
ENSP00000371483, 300, K, N
ENSP00000371483, 389, S, Y
ENSP00000371483, 188, A, T
ENSP00000371483, 437, T, M
ENSP00000371483, 83, S, A
ENSP00000371483, 410, P, H
ENSP00000371483, 594, P, A
ENSP00000371483, 209, E, K
ENSP00000371483, 506, P, S
ENSP00000371483, 651, A, V
ENSP00000371483, 490, C, W
ENSP00000371483, 62, E, K
ENSP00000371483, 112, V, M
ENSP00000371483, 347, I, S
ENSP00000371483, 422, V, I
ENSP00000371483, 371, L, F
ENSP00000371483, 314, V, I
ENSP00000371483, 360, P, Q
ENSP00000371483, 503, Y, C
ENSP00000371483, 167, V, I
ENSP00000371483, 511, P, S
ENSP00000371483, 641, C, R
ENSP00000371483, 661, A, D
ENSP00000371483, 687, C, S
ENSP00000371483, 606, V, I
ENSP00000371483, 425, G, R
ENSP00000371483, 13, N, S
ENSP00000371483, 626, C, S
ENSP00000371483, 509, R, H
ENSP00000371483, 437, T, S
ENSP00000371483, 318, S, L
ENSP00000371483, 244, I, L
ENSP00000371483, 264, L, P
ENSP00000371483, 384, V, A
ENSP00000371483, 498, G, D
ENSP00000371483, 234, V, M
ENSP00000371483, 179, R, P
ENSP00000371483, 504, P, L
ENSP00000371483, 668, I, V
ENSP00000371483, 504, P, L
ENSP00000371483, 273, K, M
ENSP00000371483, 244, I, L
ENSP00000371483, 135, S, N
ENSP00000371483, 233, P, L
ENSP00000371483, 154, T, A
ENSP00000371483, 70, W, R
ENSP00000371483, 20, G, R
ENSP00000371483, 582, V, A
ENSP00000371483, 434, S, F
ENSP00000371483, 290, D, N
ENSP00000371483, 448, V, M
ENSP00000371483, 21, A, T
ENSP00000371483, 534, I, T
ENSP00000371483, 103, L, S
ENSP00000371483, 99, G, A
ENSP00000371483, 52, P, L
ENSP00000371483, 22, A, T
ENSP00000371483, 429, I, V
ENSP00000371483, 345, E, D
ENSP00000371483, 52, P, R
ENSP00000371483, 181, A, V
ENSP00000371483, 628, A, V
ENSP00000371483, 624, V, M
ENSP00000371483, 218, T, S
ENSP00000371483, 430, V, I
ENSP00000371483, 410, P, L
ENSP00000371483, 154, T, A
ENSP00000371483, 86, D, Y
ENSP00000371483, 573, R, Q
ENSP00000371483, 105, L, F
ENSP00000371483, 504, P, L
ENSP00000371483, 612, G, S
ENSP00000371483, 578, R, C
ENSP00000371483, 15, D, N
ENSP00000371483, 430, V, I
ENSP00000371483, 318, S, W
ENSP00000371483, 598, R, C
ENSP00000371483, 468, T, A
ENSP00000371483, 561, P, S
ENSP00000371483, 257, G, R
ENSP00000371483, 526, R, H
ENSP00000371483, 63, P, H
ENSP00000371483, 49, E, K
ENSP00000371483, 179, R, W
ENSP00000371483, 314, V, I
ENSP00000371483, 498, G, S
ENSP00000371483, 154, T, A
ENSP00000371483, 398, V, I
ENSP00000371483, 624, V, M
ENSP00000371483, 448, V, M
ENSP00000371483, 566, I, M
ENSP00000371483, 317, P, S
ENSP00000371483, 112, V, M
ENSP00000371483, 63, P, S
ENSP00000371483, 317, P, L
ENSP00000371483, 157, V, G
ENSP00000371483, 485, L, F
ENSP00000371483, 367, I, V
ENSP00000371483, 135, S, N
ENSP00000371483, 674, A, P
ENSP00000371483, 442, P, L
ENSP00000371483, 687, C, S
ENSP00000371483, 167, V, I
ENSP00000371483, 430, V, I
ENSP00000371483, 123, Q, H
ENSP00000371483, 185, I, L
ENSP00000371483, 170, M, V
ENSP00000371483, 270, P, H
ENSP00000371483, 217, A, P
ENSP00000371483, 159, S, N
ENSP00000371483, 370, I, V
ENSP00000371483, 318, S, W
ENSP00000371483, 612, G, S
ENSP00000371483, 313, N, K
ENSP00000371483, 553, R, W
ENSP00000371483, 422, V, I
ENSP00000371483, 617, R, P
ENSP00000371483, 310, T, N
ENSP00000371483, 163, S, L
ENSP00000371483, 14, P, L
ENSP00000371483, 680, A, V
ENSP00000371483, 628, A, V
ENSP00000371483, 599, S, L
ENSP00000371483, 229, L, S
ENSP00000371483, 598, R, C
ENSP00000371483, 137, S, R
ENSP00000371483, 234, V, M
ENSP00000371483, 99, G, A
ENSP00000371483, 654, G, W
ENSP00000371483, 563, V, I
ENSP00000371483, 584, P, T
ENSP00000371483, 627, R, C
ENSP00000371483, 687, C, S
ENSP00000371483, 271, F, L
ENSP00000371483, 293, A, V
ENSP00000371483, 473, A, V
ENSP00000371483, 500, L, W
ENSP00000371483, 567, I, F
ENSP00000371483, 688, T, M
ENSP00000371483, 190, I, M
ENSP00000371483, 190, I, M
ENSP00000371483, 647, D, E
ENSP00000371483, 468, T, A
ENSP00000371483, 15, D, N
ENSP00000371483, 503, Y, F
ENSP00000371483, 461, S, C
ENSP00000371483, 461, S, C
ENSP00000371483, 461, S, C
ENSP00000371483, 461, S, C
ENSP00000371483, 318, S, W
ENSP00000371483, 571, C, F
ENSP00000371483, 257, G, R
ENSP00000371483, 150, G, E
ENSP00000371483, 150, G, E
ENSP00000371483, 232, L, F
ENSP00000371483, 171, V, A
ENSP00000371483, 290, D, N
ENSP00000371483, 108, L, F
ENSP00000371483, 154, T, A
ENSP00000371483, 347, I, S
ENSP00000371483, 207, R, Q
ENSP00000371483, 425, G, R
ENSP00000371483, 645, C, R
ENSP00000371483, 234, V, M
ENSP00000371483, 352, H, Y
ENSP00000371483, 345, E, K
ENSP00000371483, 13, N, S
ENSP00000371483, 308, N, K
ENSP00000371483, 299, V, D
ENSP00000371483, 536, F, I
ENSP00000371483, 33, K, E
ENSP00000371483, 234, V, M
ENSP00000371483, 534, I, F
ENSP00000371483, 229, L, S
ENSP00000371483, 14, P, S
ENSP00000371483, 458, T, M
ENSP00000371483, 451, I, F
ENSP00000371483, 423, G, R
ENSP00000371483, 217, A, S
ENSP00000371483, 90, K, E
ENSP00000371483, 317, P, S
ENSP00000371483, 584, P, L
ENSP00000371483, 687, C, S
ENSP00000371483, 558, V, G
ENSP00000371483, 365, G, S
ENSP00000371483, 282, V, A
ENSP00000371483, 451, I, F
ENSP00000371483, 617, R, C
ENSP00000371483, 383, I, T
ENSP00000371483, 175, L, S
ENSP00000371483, 473, A, T
ENSP00000371483, 607, V, I
ENSP00000371483, 112, V, M
ENSP00000371483, 155, V, I
ENSP00000371483, 429, I, S
ENSP00000371483, 331, D, N
ENSP00000371483, 179, R, W
ENSP00000371483, 99, G, W
ENSP00000371483, 628, A, T
ENSP00000371483, 416, G, S
ENSP00000371483, 506, P, R
ENSP00000371483, 438, S, L
ENSP00000371483, 626, C, S
ENSP00000371483, 318, S, W
ENSP00000371483, 22, A, T
ENSP00000371483, 164, T, M
ENSP00000371483, 163, T, M
ENSP00000371483, 469, A, T
ENSP00000371483, 468, A, T
ENSP00000371483, 221, F, S
ENSP00000371483, 222, F, S
ENSP00000371483, 472, A, T
ENSP00000371483, 473, A, T
ENSP00000371483, 188, N, S
ENSP00000371483, 189, N, S
ENSP00000371483, 452, R, M
ENSP00000371483, 453, R, M
ENSP00000371483, 623, V, M
ENSP00000371483, 624, V, M
ENSP00000371483, 153, T, A
ENSP00000371483, 154, T, A
ENSP00000371483, 236, A, V
ENSP00000371483, 237, A, V
ENSP00000371483, 324, P, H
ENSP00000371483, 325, P, H
ENSP00000371483, 502, Y, H
ENSP00000371483, 503, Y, H
ENSP00000371483, 25, Q, L
ENSP00000371483, 343, K, N
ENSP00000371483, 344, K, N
ENSP00000371483, 262, D, Y
ENSP00000371483, 261, D, Y
ENSP00000371483, 233, V, L
ENSP00000371483, 234, V, L
ENSP00000371483, 131, Q, L
ENSP00000371483, 132, Q, L
ENSP00000371483, 296, S, I
ENSP00000371483, 297, S, I
ENSP00000371483, 254, K, N
ENSP00000371483, 255, K, N
ENSP00000371483, 42, A, S
ENSP00000371483, 43, A, S
ENSP00000371483, 298, V, F
ENSP00000371483, 299, V, F
ENSP00000371483, 557, V, F
ENSP00000371483, 558, V, F
ENSP00000371483, 522, A, S
ENSP00000371483, 523, A, S
ENSP00000371483, 423, A, S
ENSP00000371483, 424, A, S
ENSP00000371483, 437, S, L
ENSP00000371483, 438, S, L
ENSP00000371483, 622, R, S
ENSP00000371483, 623, R, S
ENSP00000371483, 505, P, S
ENSP00000371483, 506, P, S
ENSP00000371483, 390, L, H
ENSP00000371483, 391, L, H
ENSP00000371483, 132, F, L
ENSP00000371483, 133, F, L
ENSP00000371483, 329, T, M
ENSP00000371483, 330, T, M
ENSP00000371483, 160, S, C
ENSP00000371483, 159, S, C
ENSP00000371483, 329, T, M
ENSP00000371483, 330, T, M
ENSP00000371483, 244, T, N
ENSP00000371483, 245, T, N
ENSP00000371483, 413, L, F
ENSP00000371483, 414, L, F
ENSP00000371483, 244, T, N
ENSP00000371483, 245, T, N
ENSP00000371483, 287, M, I
ENSP00000371483, 288, M, I
ENSP00000371483, 234, E, D
ENSP00000371483, 235, E, D
ENSP00000371483, 160, S, R
ENSP00000371483, 161, S, R
ENSP00000371483, 589, W, G
ENSP00000371483, 590, W, G
ENSP00000371483, 377, C, Y
ENSP00000371483, 376, C, Y
ENSP00000371483, 233, V, M
ENSP00000371483, 234, V, M
ENSP00000371483, 634, C, F
ENSP00000371483, 635, C, F
ENSP00000371483, 86, D, Y
ENSP00000371483, 38, T, I
ENSP00000371483, 274, L, F
ENSP00000371483, 488, A, T
ENSP00000371483, 658, P, T
ENSP00000371483, 3, P, S
ENSP00000371483, 677, E, K
ENSP00000371483, 205, G, R
ENSP00000371483, 68, D, N
ENSP00000371483, 679, P, T
ENSP00000371483, 595, L, M
ENSP00000371483, 137, S, I
ENSP00000371483, 572, L, P
ENSP00000371483, 242, E, K
ENSP00000371483, 550, A, T
ENSP00000371483, 645, C, Y
ENSP00000371483, 493, F, L
ENSP00000371483, 65, E, K
ENSP00000371483, 522, S, F
ENSP00000371483, 556, V, F
ENSP00000371483, 274, L, I
ENSP00000371483, 396, A, T
ENSP00000371483, 518, L, M
ENSP00000371483, 13, N, Y
ENSP00000371483, 513, R, C
ENSP00000371483, 136, N, S
ENSP00000371483, 675, Q, R
ENSP00000371483, 607, V, I
ENSP00000371483, 213, A, T
ENSP00000371483, 539, L, M
ENSP00000371483, 685, T, I
ENSP00000371483, 114, S, F
ENSP00000371483, 174, S, L
ENSP00000371483, 426, M, I
