#ROW_NO.	INPUT	PROTEIN_ID	POSITION	RESIDUE_REF	RESIDUE_ALT	SCORE	PREDICTION (cutoff=-2.5)	#SEQ	#CLUSTER	SCORE	PREDICTION (cutoff=0.05)	MEDIAN_INFO	#SEQ
1	ENSP00000371483, 65, E, K	ENSP00000371483	65	E	K	-1.45	Neutral	132	30	0.085	Tolerated	2.94	76
2	ENSP00000371483, 32, S, I	ENSP00000371483	32	S	I	-0.45	Neutral	132	30	0.144	Tolerated	3.20	51
3	ENSP00000371483, 543, T, S	ENSP00000371483	543	T	S	-1.03	Neutral	132	30	0.130	Tolerated	2.82	125
4	ENSP00000371483, 46, T, I	ENSP00000371483	46	T	I	-1.87	Neutral	132	30	0.043	Damaging	3.10	61
5	ENSP00000371483, 105, L, I	ENSP00000371483	105	L	I	-1.44	Neutral	132	30	0.082	Tolerated	2.83	123
6	ENSP00000371483, 68, D, G	ENSP00000371483	68	D	G	-3.94	Deleterious	132	30	0.004	Damaging	2.93	82
7	ENSP00000371483, 428, F, L	ENSP00000371483	428	F	L	-4.73	Deleterious	132	30	0.057	Tolerated	2.81	127
8	ENSP00000371483, 513, R, H	ENSP00000371483	513	R	H	-2.80	Deleterious	132	30	0.255	Tolerated	2.81	127
9	ENSP00000371483, 234, V, M	ENSP00000371483	234	V	M	0.53	Neutral	132	30	0.022	Damaging	2.81	127
10	ENSP00000371483, 448, V, M	ENSP00000371483	448	V	M	-2.89	Deleterious	132	30	0.055	Tolerated	2.81	127
11	ENSP00000371483, 551, G, C	ENSP00000371483	551	G	C	-7.89	Deleterious	132	30	0.000	Damaging	2.82	125
12	ENSP00000371483, 553, R, Q	ENSP00000371483	553	R	Q	1.12	Neutral	132	30	0.506	Tolerated	2.82	125
13	ENSP00000371483, 112, V, M	ENSP00000371483	112	V	M	-2.46	Neutral	132	30	0.002	Damaging	2.83	123
14	ENSP00000371483, 688, T, M	ENSP00000371483	688	T	M	-1.72	Neutral	132	30	0.002	Damaging	3.90	19
15	ENSP00000371483, 121, A, T	ENSP00000371483	121	A	T	-3.50	Deleterious	132	30	0.001	Damaging	2.82	124
16	ENSP00000371483, 563, V, I	ENSP00000371483	563	V	I	0.09	Neutral	132	30	0.678	Tolerated	2.82	125
17	ENSP00000371483, 646, E, D	ENSP00000371483	646	E	D	-0.59	Neutral	132	30	0.182	Tolerated	3.24	41
18	ENSP00000371483, 584, P, L	ENSP00000371483	584	P	L	-8.08	Deleterious	132	30	0.000	Damaging	2.92	118
19	ENSP00000371483, 640, R, H	ENSP00000371483	640	R	H	-1.09	Neutral	132	30	0.143	Tolerated	3.29	37
20	ENSP00000371483, 94, F, L	ENSP00000371483	94	F	L	1.32	Neutral	132	30	0.150	Tolerated	2.81	98
21	ENSP00000371483, 434, S, Y	ENSP00000371483	434	S	Y	-5.80	Deleterious	132	30	0.000	Damaging	2.81	127
22	ENSP00000371483, 10, A, T	ENSP00000371483	10	A	T	-0.35	Neutral	132	30	0.195	Tolerated	3.52	40
23	ENSP00000371483, 646, E, K	ENSP00000371483	646	E	K	-0.74	Neutral	132	30	0.501	Tolerated	3.24	41
24	ENSP00000371483, 627, R, C	ENSP00000371483	627	R	C	-1.89	Neutral	132	30	0.003	Damaging	3.07	46
25	ENSP00000371483, 546, G, D	ENSP00000371483	546	G	D	-5.73	Deleterious	132	30	0.006	Damaging	2.82	125
26	ENSP00000371483, 649, E, K	ENSP00000371483	649	E	K	-1.76	Neutral	132	30	0.070	Tolerated	3.24	41
27	ENSP00000371483, 681, S, L	ENSP00000371483	681	S	L	-1.14	Neutral	132	30	0.187	Tolerated	3.72	21
28	ENSP00000371483, 598, R, H	ENSP00000371483	598	R	H	2.90	Neutral	132	30	1.000	Tolerated	2.82	123
29	ENSP00000371483, 473, A, T	ENSP00000371483	473	A	T	-3.53	Deleterious	132	30	0.002	Damaging	2.80	126
30	ENSP00000371483, 454, A, T	ENSP00000371483	454	A	T	-3.42	Deleterious	132	30	0.047	Damaging	2.81	127
31	ENSP00000371483, 678, V, D	ENSP00000371483	678	V	D	-1.23	Neutral	132	30	0.113	Tolerated	3.59	26
32	ENSP00000371483, 503, Y, H	ENSP00000371483	503	Y	H	-4.59	Deleterious	132	30	0.000	Damaging	2.81	127
33	ENSP00000371483, 216, G, V	ENSP00000371483	216	G	V	-8.50	Deleterious	132	30	0.025	Damaging	2.81	127
34	ENSP00000371483, 658, P, H	ENSP00000371483	658	P	H	-2.90	Deleterious	132	30	0.005	Damaging	3.29	40
35	ENSP00000371483, 485, L, V	ENSP00000371483	485	L	V	-1.90	Neutral	132	30	0.203	Tolerated	2.81	127
36	ENSP00000371483, 54, Y, F	ENSP00000371483	54	Y	F	-1.22	Neutral	132	30	0.337	Tolerated	3.06	64
37	ENSP00000371483, 156, L, F	ENSP00000371483	156	L	F	-2.89	Deleterious	132	30	0.012	Damaging	2.81	127
38	ENSP00000371483, 161, S, N	ENSP00000371483	161	S	N	-2.33	Neutral	132	30	0.015	Damaging	2.81	127
39	ENSP00000371483, 598, R, C	ENSP00000371483	598	R	C	-3.96	Deleterious	132	30	0.002	Damaging	2.82	123
40	ENSP00000371483, 52, P, L	ENSP00000371483	52	P	L	-4.72	Deleterious	132	30	0.002	Damaging	3.07	63
41	ENSP00000371483, 688, T, A	ENSP00000371483	688	T	A	-1.49	Neutral	132	30	0.015	Damaging	3.90	19
42	ENSP00000371483, 228, V, E	ENSP00000371483	228	V	E	-5.66	Deleterious	132	30	0.000	Damaging	2.81	127
43	ENSP00000371483, 402, T, N	ENSP00000371483	402	T	N	-3.82	Deleterious	132	30	0.085	Tolerated	2.81	127
44	ENSP00000371483, 422, V, F	ENSP00000371483	422	V	F	-4.51	Deleterious	132	30	0.021	Damaging	2.81	127
45	ENSP00000371483, 370, I, L	ENSP00000371483	370	I	L	-0.46	Neutral	132	30	0.463	Tolerated	2.81	127
46	ENSP00000371483, 559, G, W	ENSP00000371483	559	G	W	-5.25	Deleterious	132	30	0.008	Damaging	2.84	124
47	ENSP00000371483, 191, G, A	ENSP00000371483	191	G	A	-4.87	Deleterious	132	30	0.028	Damaging	2.81	127
48	ENSP00000371483, 506, P, L	ENSP00000371483	506	P	L	-9.14	Deleterious	132	30	0.000	Damaging	2.81	127
49	ENSP00000371483, 513, R, L	ENSP00000371483	513	R	L	-5.29	Deleterious	132	30	0.099	Tolerated	2.81	127
50	ENSP00000371483, 345, E, K	ENSP00000371483	345	E	K	-2.01	Neutral	132	30	0.581	Tolerated	2.84	87
51	ENSP00000371483, 553, R, W	ENSP00000371483	553	R	W	-2.60	Deleterious	132	30	0.214	Tolerated	2.82	125
52	ENSP00000371483, 536, F, I	ENSP00000371483	536	F	I	0.15	Neutral	132	30	0.120	Tolerated	2.82	125
53	ENSP00000371483, 531, F, L	ENSP00000371483	531	F	L	-1.04	Neutral	132	30	1.000	Tolerated	2.81	126
54	ENSP00000371483, 99, G, V	ENSP00000371483	99	G	V	-0.83	Neutral	132	30	0.882	Tolerated	2.81	99
55	ENSP00000371483, 396, A, T	ENSP00000371483	396	A	T	-3.25	Deleterious	132	30	0.015	Damaging	2.81	127
56	ENSP00000371483, 62, E, K	ENSP00000371483	62	E	K	-2.20	Neutral	132	30	0.025	Damaging	2.94	73
57	ENSP00000371483, 257, G, A	ENSP00000371483	257	G	A	-5.41	Deleterious	132	30	0.038	Damaging	2.81	127
58	ENSP00000371483, 607, V, I	ENSP00000371483	607	V	I	0.29	Neutral	132	30	1.000	Tolerated	2.81	120
59	ENSP00000371483, 314, V, I	ENSP00000371483	314	V	I	-0.59	Neutral	132	30	0.147	Tolerated	2.86	96
60	ENSP00000371483, 167, V, I	ENSP00000371483	167	V	I	-0.06	Neutral	132	30	0.912	Tolerated	2.81	127
61	ENSP00000371483, 257, G, E	ENSP00000371483	257	G	E	-7.05	Deleterious	132	30	0.044	Damaging	2.81	127
62	ENSP00000371483, 183, P, H	ENSP00000371483	183	P	H	-7.84	Deleterious	132	30	0.000	Damaging	2.81	127
63	ENSP00000371483, 649, E, K	ENSP00000371483	649	E	K	-1.76	Neutral	132	30	0.070	Tolerated	3.24	41
64	ENSP00000371483, 7, L, F	ENSP00000371483	7	L	F	-1.13	Neutral	132	30	0.016	Damaging	3.61	41
65	ENSP00000371483, 372, S, F	ENSP00000371483	372	S	F	-5.39	Deleterious	132	30	0.000	Damaging	2.81	127
66	ENSP00000371483, 97, G, E	ENSP00000371483	97	G	E	-3.16	Deleterious	132	30	0.074	Tolerated	2.81	99
67	ENSP00000371483, 407, F, L	ENSP00000371483	407	F	L	-4.71	Deleterious	132	30	0.096	Tolerated	2.81	127
68	ENSP00000371483, 331, D, N	ENSP00000371483	331	D	N	-1.85	Neutral	132	30	0.194	Tolerated	2.87	104
69	ENSP00000371483, 179, R, L	ENSP00000371483	179	R	L	-3.65	Deleterious	132	30	0.062	Tolerated	2.81	127
70	ENSP00000371483, 676, G, D	ENSP00000371483	676	G	D	0.66	Neutral	132	30	1.000	Tolerated	3.56	35
71	ENSP00000371483, 450, T, S	ENSP00000371483	450	T	S	1.71	Neutral	132	30	1.000	Tolerated	2.81	127
72	ENSP00000371483, 544, V, M	ENSP00000371483	544	V	M	-2.38	Neutral	132	30	0.016	Damaging	2.82	125
73	ENSP00000371483, 89, G, E	ENSP00000371483	89	G	E	-2.93	Deleterious	132	30	0.238	Tolerated	2.80	90
74	ENSP00000371483, 484, S, L	ENSP00000371483	484	S	L	-4.32	Deleterious	132	30	0.003	Damaging	2.80	126
75	ENSP00000371483, 15, D, Y	ENSP00000371483	15	D	Y	-0.50	Neutral	132	30	0.029	Damaging	3.58	40
76	ENSP00000371483, 540, I, M	ENSP00000371483	540	I	M	-0.55	Neutral	132	30	0.114	Tolerated	2.82	125
77	ENSP00000371483, 7, L, M	ENSP00000371483	7	L	M	-0.41	Neutral	132	30	0.020	Damaging	3.61	41
78	ENSP00000371483, 205, G, E	ENSP00000371483	205	G	E	-5.80	Deleterious	132	30	0.009	Damaging	2.83	126
79	ENSP00000371483, 686, E, K	ENSP00000371483	686	E	K	0.07	Neutral	132	30	0.246	Tolerated	3.90	19
80	ENSP00000371483, 327, L, F	ENSP00000371483	327	L	F	-1.55	Neutral	132	30	0.219	Tolerated	2.92	100
81	ENSP00000371483, 431, Q, H	ENSP00000371483	431	Q	H	-4.82	Deleterious	132	30	0.006	Damaging	2.81	127
82	ENSP00000371483, 388, G, S	ENSP00000371483	388	G	S	-0.22	Neutral	132	30	0.080	Tolerated	2.81	127
83	ENSP00000371483, 410, P, S	ENSP00000371483	410	P	S	-7.35	Deleterious	132	30	0.003	Damaging	2.82	124
84	ENSP00000371483, 506, P, R	ENSP00000371483	506	P	R	-8.27	Deleterious	132	30	0.000	Damaging	2.81	127
85	ENSP00000371483, 578, R, C	ENSP00000371483	578	R	C	-4.94	Deleterious	132	30	0.001	Damaging	2.92	119
86	ENSP00000371483, 146, G, R	ENSP00000371483	146	G	R	-6.68	Deleterious	132	30	0.001	Damaging	2.81	127
87	ENSP00000371483, 679, P, L	ENSP00000371483	679	P	L	-1.71	Neutral	132	30	0.098	Tolerated	3.64	23
88	ENSP00000371483, 179, R, W	ENSP00000371483	179	R	W	-4.32	Deleterious	132	30	0.004	Damaging	2.81	127
89	ENSP00000371483, 410, P, L	ENSP00000371483	410	P	L	-9.26	Deleterious	132	30	0.003	Damaging	2.82	124
90	ENSP00000371483, 89, G, E	ENSP00000371483	89	G	E	-2.93	Deleterious	132	30	0.238	Tolerated	2.80	90
91	ENSP00000371483, 447, G, D	ENSP00000371483	447	G	D	-6.26	Deleterious	132	30	0.038	Damaging	2.81	127
92	ENSP00000371483, 634, D, H	ENSP00000371483	634	D	H	-0.28	Neutral	132	30	0.009	Damaging	3.50	32
93	ENSP00000371483, 56, T, M	ENSP00000371483	56	T	M	-2.47	Neutral	132	30	0.010	Damaging	3.05	64
94	ENSP00000371483, 94, F, L	ENSP00000371483	94	F	L	1.32	Neutral	132	30	0.150	Tolerated	2.81	98
95	ENSP00000371483, 530, V, I	ENSP00000371483	530	V	I	-0.23	Neutral	132	30	0.794	Tolerated	2.81	126
96	ENSP00000371483, 221, D, V	ENSP00000371483	221	D	V	-8.10	Deleterious	132	30	0.000	Damaging	2.81	127
97	ENSP00000371483, 530, V, I	ENSP00000371483	530	V	I	-0.23	Neutral	132	30	0.794	Tolerated	2.81	126
98	ENSP00000371483, 386, I, F	ENSP00000371483	386	I	F	-2.25	Neutral	132	30	0.004	Damaging	2.81	127
99	ENSP00000371483, 252, F, V	ENSP00000371483	252	F	V	-5.90	Deleterious	132	30	0.052	Tolerated	2.81	127
100	ENSP00000371483, 617, R, H	ENSP00000371483	617	R	H	-0.58	Neutral	132	30	0.319	Tolerated	3.10	52
101	ENSP00000371483, 688, T, M	ENSP00000371483	688	T	M	-1.72	Neutral	132	30	0.002	Damaging	3.90	19
102	ENSP00000371483, 622, C, R	ENSP00000371483	622	C	R	-3.36	Deleterious	132	30	0.082	Tolerated	2.93	66
103	ENSP00000371483, 396, A, T	ENSP00000371483	396	A	T	-3.25	Deleterious	132	30	0.015	Damaging	2.81	127
104	ENSP00000371483, 585, K, T	ENSP00000371483	585	K	T	-2.18	Neutral	132	30	0.172	Tolerated	2.92	118
105	ENSP00000371483, 562, V, I	ENSP00000371483	562	V	I	0.49	Neutral	132	30	1.000	Tolerated	2.84	124
106	ENSP00000371483, 155, V, I	ENSP00000371483	155	V	I	-0.66	Neutral	132	30	0.019	Damaging	2.81	127
107	ENSP00000371483, 581, R, C	ENSP00000371483	581	R	C	-3.71	Deleterious	132	30	0.081	Tolerated	2.92	118
108	ENSP00000371483, 581, R, H	ENSP00000371483	581	R	H	-1.54	Neutral	132	30	0.229	Tolerated	2.92	118
109	ENSP00000371483, 198, I, F	ENSP00000371483	198	I	F	-3.01	Deleterious	132	30	0.002	Damaging	2.81	127
110	ENSP00000371483, 310, T, A	ENSP00000371483	310	T	A	-2.23	Neutral	132	30	0.156	Tolerated	2.86	101
111	ENSP00000371483, 585, K, N	ENSP00000371483	585	K	N	-1.49	Neutral	132	30	0.086	Tolerated	2.92	118
112	ENSP00000371483, 295, N, S	ENSP00000371483	295	N	S	-4.06	Deleterious	132	30	0.007	Damaging	2.82	125
113	ENSP00000371483, 396, A, T	ENSP00000371483	396	A	T	-3.25	Deleterious	132	30	0.015	Damaging	2.81	127
114	ENSP00000371483, 400, K, N	ENSP00000371483	400	K	N	-4.06	Deleterious	132	30	0.002	Damaging	2.81	127
115	ENSP00000371483, 606, V, I	ENSP00000371483	606	V	I	-0.02	Neutral	132	30	0.333	Tolerated	2.81	120
116	ENSP00000371483, 108, L, I	ENSP00000371483	108	L	I	-1.68	Neutral	132	30	0.004	Damaging	2.83	123
117	ENSP00000371483, 483, S, G	ENSP00000371483	483	S	G	-1.93	Neutral	132	30	0.152	Tolerated	2.80	126
118	ENSP00000371483, 86, D, Y	ENSP00000371483	86	D	Y	-4.77	Deleterious	132	30	0.006	Damaging	2.81	95
119	ENSP00000371483, 293, A, V	ENSP00000371483	293	A	V	-2.36	Neutral	132	30	0.327	Tolerated	2.84	123
120	ENSP00000371483, 642, S, I	ENSP00000371483	642	S	I	-1.92	Neutral	132	30	0.020	Damaging	3.29	37
121	ENSP00000371483, 526, R, C	ENSP00000371483	526	R	C	-7.29	Deleterious	132	30	0.000	Damaging	2.81	126
122	ENSP00000371483, 300, K, N	ENSP00000371483	300	K	N	-4.21	Deleterious	132	30	0.002	Damaging	2.82	125
123	ENSP00000371483, 389, S, Y	ENSP00000371483	389	S	Y	-5.74	Deleterious	132	30	0.000	Damaging	2.81	127
124	ENSP00000371483, 188, A, T	ENSP00000371483	188	A	T	-1.55	Neutral	132	30	0.122	Tolerated	2.81	127
125	ENSP00000371483, 437, T, M	ENSP00000371483	437	T	M	-5.66	Deleterious	132	30	0.000	Damaging	2.81	127
126	ENSP00000371483, 83, S, A	ENSP00000371483	83	S	A	-1.30	Neutral	132	30	0.179	Tolerated	2.81	92
127	ENSP00000371483, 410, P, H	ENSP00000371483	410	P	H	-8.30	Deleterious	132	30	0.003	Damaging	2.82	124
128	ENSP00000371483, 594, P, A	ENSP00000371483	594	P	A	-6.72	Deleterious	132	30	0.000	Damaging	2.82	123
129	ENSP00000371483, 209, E, K	ENSP00000371483	209	E	K	-2.30	Neutral	132	30	0.090	Tolerated	2.83	126
130	ENSP00000371483, 506, P, S	ENSP00000371483	506	P	S	-7.35	Deleterious	132	30	0.000	Damaging	2.81	127
131	ENSP00000371483, 651, A, V	ENSP00000371483	651	A	V	-0.35	Neutral	132	30	0.286	Tolerated	3.28	37
132	ENSP00000371483, 490, C, W	ENSP00000371483	490	C	W	-8.99	Deleterious	132	30	0.000	Damaging	2.81	127
133	ENSP00000371483, 62, E, K	ENSP00000371483	62	E	K	-2.20	Neutral	132	30	0.025	Damaging	2.94	73
134	ENSP00000371483, 112, V, M	ENSP00000371483	112	V	M	-2.46	Neutral	132	30	0.002	Damaging	2.83	123
135	ENSP00000371483, 347, I, S	ENSP00000371483	347	I	S	-4.04	Deleterious	132	30	0.018	Damaging	2.84	92
136	ENSP00000371483, 422, V, I	ENSP00000371483	422	V	I	-0.89	Neutral	132	30	0.063	Tolerated	2.81	127
137	ENSP00000371483, 371, L, F	ENSP00000371483	371	L	F	-1.51	Neutral	132	30	0.503	Tolerated	2.81	127
138	ENSP00000371483, 314, V, I	ENSP00000371483	314	V	I	-0.59	Neutral	132	30	0.147	Tolerated	2.86	96
139	ENSP00000371483, 360, P, Q	ENSP00000371483	360	P	Q	-3.77	Deleterious	132	30	0.039	Damaging	2.81	127
140	ENSP00000371483, 503, Y, C	ENSP00000371483	503	Y	C	-8.23	Deleterious	132	30	0.000	Damaging	2.81	127
141	ENSP00000371483, 167, V, I	ENSP00000371483	167	V	I	-0.06	Neutral	132	30	0.912	Tolerated	2.81	127
142	ENSP00000371483, 511, P, S	ENSP00000371483	511	P	S	-7.35	Deleterious	132	30	0.000	Damaging	2.81	127
143	ENSP00000371483, 641, C, R	ENSP00000371483	641	C	R	-2.48	Neutral	132	30	0.040	Damaging	3.29	37
144	ENSP00000371483, 661, A, D	ENSP00000371483	661	A	D	-1.46	Neutral	132	30	0.026	Damaging	3.40	38
145	ENSP00000371483, 687, C, S	ENSP00000371483	687	C	S	-0.42	Neutral	132	30	0.890	Tolerated	3.90	19
146	ENSP00000371483, 606, V, I	ENSP00000371483	606	V	I	-0.02	Neutral	132	30	0.333	Tolerated	2.81	120
147	ENSP00000371483, 425, G, R	ENSP00000371483	425	G	R	-6.47	Deleterious	132	30	0.028	Damaging	2.81	127
148	ENSP00000371483, 13, N, S	ENSP00000371483	13	N	S	-0.85	Neutral	132	30	0.044	Damaging	3.52	42
149	ENSP00000371483, 626, C, S	ENSP00000371483	626	C	S	-1.88	Neutral	132	30	0.207	Tolerated	3.07	46
150	ENSP00000371483, 509, R, H	ENSP00000371483	509	R	H	-4.40	Deleterious	132	30	0.001	Damaging	2.81	127
151	ENSP00000371483, 437, T, S	ENSP00000371483	437	T	S	-3.63	Deleterious	132	30	0.022	Damaging	2.81	127
152	ENSP00000371483, 318, S, L	ENSP00000371483	318	S	L	-3.20	Deleterious	132	30	0.105	Tolerated	2.86	108
153	ENSP00000371483, 244, I, L	ENSP00000371483	244	I	L	0.72	Neutral	132	30	1.000	Tolerated	2.81	127
154	ENSP00000371483, 264, L, P	ENSP00000371483	264	L	P	-6.53	Deleterious	132	30	0.000	Damaging	2.81	127
155	ENSP00000371483, 384, V, A	ENSP00000371483	384	V	A	-3.72	Deleterious	132	30	0.001	Damaging	2.81	127
156	ENSP00000371483, 498, G, D	ENSP00000371483	498	G	D	-6.43	Deleterious	132	30	0.001	Damaging	2.81	127
157	ENSP00000371483, 234, V, M	ENSP00000371483	234	V	M	0.53	Neutral	132	30	0.022	Damaging	2.81	127
158	ENSP00000371483, 179, R, P	ENSP00000371483	179	R	P	-2.97	Deleterious	132	30	0.115	Tolerated	2.81	127
159	ENSP00000371483, 504, P, L	ENSP00000371483	504	P	L	-8.33	Deleterious	132	30	0.050	Damaging	2.81	127
160	ENSP00000371483, 668, I, V	ENSP00000371483	668	I	V	0.32	Neutral	132	30	0.992	Tolerated	3.63	35
161	ENSP00000371483, 504, P, L	ENSP00000371483	504	P	L	-8.33	Deleterious	132	30	0.050	Damaging	2.81	127
162	ENSP00000371483, 273, K, M	ENSP00000371483	273	K	M	-4.29	Deleterious	132	30	0.008	Damaging	2.81	127
163	ENSP00000371483, 244, I, L	ENSP00000371483	244	I	L	0.72	Neutral	132	30	1.000	Tolerated	2.81	127
164	ENSP00000371483, 135, S, N	ENSP00000371483	135	S	N	-0.59	Neutral	132	30	0.287	Tolerated	2.80	126
165	ENSP00000371483, 233, P, L	ENSP00000371483	233	P	L	-9.44	Deleterious	132	30	0.001	Damaging	2.81	127
166	ENSP00000371483, 154, T, A	ENSP00000371483	154	T	A	-4.28	Deleterious	132	30	0.006	Damaging	2.81	127
167	ENSP00000371483, 70, W, R	ENSP00000371483	70	W	R	-9.35	Deleterious	132	30	0.000	Damaging	2.90	88
168	ENSP00000371483, 20, G, R	ENSP00000371483	20	G	R	-0.92	Neutral	132	30	0.038	Damaging	3.45	41
169	ENSP00000371483, 582, V, A	ENSP00000371483	582	V	A	-0.51	Neutral	132	30	0.522	Tolerated	2.90	119
170	ENSP00000371483, 434, S, F	ENSP00000371483	434	S	F	-5.80	Deleterious	132	30	0.000	Damaging	2.81	127
171	ENSP00000371483, 290, D, N	ENSP00000371483	290	D	N	-2.72	Deleterious	132	30	0.158	Tolerated	2.82	126
172	ENSP00000371483, 1, M, ?	input format error											
173	ENSP00000371483, 448, V, M	ENSP00000371483	448	V	M	-2.89	Deleterious	132	30	0.055	Tolerated	2.81	127
174	ENSP00000371483, 21, A, T	ENSP00000371483	21	A	T	-0.83	Neutral	132	30	0.186	Tolerated	3.46	38
175	ENSP00000371483, 534, I, T	ENSP00000371483	534	I	T	-3.64	Deleterious	132	30	0.002	Damaging	2.81	126
176	ENSP00000371483, 103, L, S	ENSP00000371483	103	L	S	-4.19	Deleterious	132	30	0.053	Tolerated	2.83	123
177	ENSP00000371483, 99, G, A	ENSP00000371483	99	G	A	-0.77	Neutral	132	30	0.531	Tolerated	2.81	99
178	ENSP00000371483, 52, P, L	ENSP00000371483	52	P	L	-4.72	Deleterious	132	30	0.002	Damaging	3.07	63
179	ENSP00000371483, 22, A, T	ENSP00000371483	22	A	T	0.20	Neutral	132	30	0.949	Tolerated	3.47	38
180	ENSP00000371483, 429, I, V	ENSP00000371483	429	I	V	-0.51	Neutral	132	30	0.736	Tolerated	2.81	127
181	ENSP00000371483, 345, E, D	ENSP00000371483	345	E	D	-1.66	Neutral	132	30	0.346	Tolerated	2.84	87
182	ENSP00000371483, 52, P, R	ENSP00000371483	52	P	R	-4.54	Deleterious	132	30	0.040	Damaging	3.07	63
183	ENSP00000371483, 181, A, V	ENSP00000371483	181	A	V	-3.32	Deleterious	132	30	0.002	Damaging	2.81	127
184	ENSP00000371483, 628, A, V	ENSP00000371483	628	A	V	0.55	Neutral	132	30	0.872	Tolerated	3.13	44
185	ENSP00000371483, 624, V, M	ENSP00000371483	624	V	M	-0.36	Neutral	132	30	0.309	Tolerated	3.06	50
186	ENSP00000371483, 218, T, S	ENSP00000371483	218	T	S	-3.44	Deleterious	132	30	0.005	Damaging	2.81	127
187	ENSP00000371483, 430, V, I	ENSP00000371483	430	V	I	-0.83	Neutral	132	30	0.022	Damaging	2.81	127
188	ENSP00000371483, 410, P, L	ENSP00000371483	410	P	L	-9.26	Deleterious	132	30	0.003	Damaging	2.82	124
189	ENSP00000371483, 154, T, A	ENSP00000371483	154	T	A	-4.28	Deleterious	132	30	0.006	Damaging	2.81	127
190	ENSP00000371483, 86, D, Y	ENSP00000371483	86	D	Y	-4.77	Deleterious	132	30	0.006	Damaging	2.81	95
191	ENSP00000371483, 573, R, Q	ENSP00000371483	573	R	Q	-0.73	Neutral	132	30	0.064	Tolerated	2.85	123
192	ENSP00000371483, 105, L, F	ENSP00000371483	105	L	F	-3.13	Deleterious	132	30	0.083	Tolerated	2.83	123
193	ENSP00000371483, 504, P, L	ENSP00000371483	504	P	L	-8.33	Deleterious	132	30	0.050	Damaging	2.81	127
194	ENSP00000371483, 612, G, S	ENSP00000371483	612	G	S	0.09	Neutral	132	30	1.000	Tolerated	3.10	76
195	ENSP00000371483, 578, R, C	ENSP00000371483	578	R	C	-4.94	Deleterious	132	30	0.001	Damaging	2.92	119
196	ENSP00000371483, 15, D, N	ENSP00000371483	15	D	N	0.67	Neutral	132	30	1.000	Tolerated	3.58	40
197	ENSP00000371483, 430, V, I	ENSP00000371483	430	V	I	-0.83	Neutral	132	30	0.022	Damaging	2.81	127
198	ENSP00000371483, 318, S, W	ENSP00000371483	318	S	W	-3.82	Deleterious	132	30	0.002	Damaging	2.86	108
199	ENSP00000371483, 598, R, C	ENSP00000371483	598	R	C	-3.96	Deleterious	132	30	0.002	Damaging	2.82	123
200	ENSP00000371483, 468, T, A	ENSP00000371483	468	T	A	-4.58	Deleterious	132	30	0.003	Damaging	2.81	127
201	ENSP00000371483, 561, P, S	ENSP00000371483	561	P	S	-6.97	Deleterious	132	30	0.001	Damaging	2.84	124
202	ENSP00000371483, 257, G, R	ENSP00000371483	257	G	R	-7.08	Deleterious	132	30	0.002	Damaging	2.81	127
203	ENSP00000371483, 526, R, H	ENSP00000371483	526	R	H	-4.56	Deleterious	132	30	0.000	Damaging	2.81	126
204	ENSP00000371483, 63, P, H	ENSP00000371483	63	P	H	-2.57	Deleterious	132	30	0.069	Tolerated	2.94	74
205	ENSP00000371483, 49, E, K	ENSP00000371483	49	E	K	-1.12	Neutral	132	30	0.144	Tolerated	3.13	60
206	ENSP00000371483, 179, R, W	ENSP00000371483	179	R	W	-4.32	Deleterious	132	30	0.004	Damaging	2.81	127
207	ENSP00000371483, 314, V, I	ENSP00000371483	314	V	I	-0.59	Neutral	132	30	0.147	Tolerated	2.86	96
208	ENSP00000371483, 498, G, S	ENSP00000371483	498	G	S	-5.52	Deleterious	132	30	0.003	Damaging	2.81	127
209	ENSP00000371483, 154, T, A	ENSP00000371483	154	T	A	-4.28	Deleterious	132	30	0.006	Damaging	2.81	127
210	ENSP00000371483, 398, V, I	ENSP00000371483	398	V	I	-0.68	Neutral	132	30	0.239	Tolerated	2.81	127
211	ENSP00000371483, 624, V, M	ENSP00000371483	624	V	M	-0.36	Neutral	132	30	0.309	Tolerated	3.06	50
212	ENSP00000371483, 448, V, M	ENSP00000371483	448	V	M	-2.89	Deleterious	132	30	0.055	Tolerated	2.81	127
213	ENSP00000371483, 566, I, M	ENSP00000371483	566	I	M	-0.93	Neutral	132	30	0.066	Tolerated	2.82	124
214	ENSP00000371483, 317, P, S	ENSP00000371483	317	P	S	-3.80	Deleterious	132	30	0.099	Tolerated	2.90	104
215	ENSP00000371483, 112, V, M	ENSP00000371483	112	V	M	-2.46	Neutral	132	30	0.002	Damaging	2.83	123
216	ENSP00000371483, 63, P, S	ENSP00000371483	63	P	S	-1.85	Neutral	132	30	0.310	Tolerated	2.94	74
217	ENSP00000371483, 317, P, L	ENSP00000371483	317	P	L	-5.75	Deleterious	132	30	0.043	Damaging	2.90	104
218	ENSP00000371483, 157, V, G	ENSP00000371483	157	V	G	-6.06	Deleterious	132	30	0.000	Damaging	2.81	127
219	ENSP00000371483, 485, L, F	ENSP00000371483	485	L	F	-2.39	Neutral	132	30	0.239	Tolerated	2.81	127
220	ENSP00000371483, 367, I, V	ENSP00000371483	367	I	V	-0.91	Neutral	132	30	0.014	Damaging	2.81	127
221	ENSP00000371483, 135, S, N	ENSP00000371483	135	S	N	-0.59	Neutral	132	30	0.287	Tolerated	2.80	126
222	ENSP00000371483, 674, A, P	ENSP00000371483	674	A	P	-0.89	Neutral	132	30	0.058	Tolerated	3.56	35
223	ENSP00000371483, 442, P, L	ENSP00000371483	442	P	L	-9.09	Deleterious	132	30	0.025	Damaging	2.81	127
224	ENSP00000371483, 687, C, S	ENSP00000371483	687	C	S	-0.42	Neutral	132	30	0.890	Tolerated	3.90	19
225	ENSP00000371483, 167, V, I	ENSP00000371483	167	V	I	-0.06	Neutral	132	30	0.912	Tolerated	2.81	127
226	ENSP00000371483, 430, V, I	ENSP00000371483	430	V	I	-0.83	Neutral	132	30	0.022	Damaging	2.81	127
227	ENSP00000371483, 123, Q, H	ENSP00000371483	123	Q	H	-3.71	Deleterious	132	30	0.023	Damaging	2.82	124
228	ENSP00000371483, 185, I, L	ENSP00000371483	185	I	L	-1.54	Neutral	132	30	0.062	Tolerated	2.81	127
229	ENSP00000371483, 170, M, V	ENSP00000371483	170	M	V	-3.02	Deleterious	132	30	0.004	Damaging	2.81	127
230	ENSP00000371483, 270, P, H	ENSP00000371483	270	P	H	-8.20	Deleterious	132	30	0.000	Damaging	2.81	127
231	ENSP00000371483, 217, A, P	ENSP00000371483	217	A	P	-4.62	Deleterious	132	30	0.002	Damaging	2.81	127
232	ENSP00000371483, 159, S, N	ENSP00000371483	159	S	N	-2.58	Deleterious	132	30	0.028	Damaging	2.81	127
233	ENSP00000371483, 370, I, V	ENSP00000371483	370	I	V	0.47	Neutral	132	30	0.798	Tolerated	2.81	127
234	ENSP00000371483, 318, S, W	ENSP00000371483	318	S	W	-3.82	Deleterious	132	30	0.002	Damaging	2.86	108
235	ENSP00000371483, 612, G, S	ENSP00000371483	612	G	S	0.09	Neutral	132	30	1.000	Tolerated	3.10	76
236	ENSP00000371483, 313, N, K	ENSP00000371483	313	N	K	-4.91	Deleterious	132	30	0.024	Damaging	2.86	95
237	ENSP00000371483, 553, R, W	ENSP00000371483	553	R	W	-2.60	Deleterious	132	30	0.214	Tolerated	2.82	125
238	ENSP00000371483, 422, V, I	ENSP00000371483	422	V	I	-0.89	Neutral	132	30	0.063	Tolerated	2.81	127
239	ENSP00000371483, 617, R, P	ENSP00000371483	617	R	P	-1.47	Neutral	132	30	0.189	Tolerated	3.10	52
240	ENSP00000371483, 310, T, N	ENSP00000371483	310	T	N	-2.19	Neutral	132	30	0.066	Tolerated	2.86	101
241	ENSP00000371483, 163, S, L	ENSP00000371483	163	S	L	-5.15	Deleterious	132	30	0.001	Damaging	2.81	127
242	ENSP00000371483, 14, P, L	ENSP00000371483	14	P	L	-2.17	Neutral	132	30	0.008	Damaging	3.52	41
243	ENSP00000371483, 680, A, V	ENSP00000371483	680	A	V	-0.69	Neutral	132	30	0.054	Tolerated	3.64	22
244	ENSP00000371483, 628, A, V	ENSP00000371483	628	A	V	0.55	Neutral	132	30	0.872	Tolerated	3.13	44
245	ENSP00000371483, 599, S, L	ENSP00000371483	599	S	L	-5.41	Deleterious	132	30	0.001	Damaging	2.82	124
246	ENSP00000371483, 229, L, S	ENSP00000371483	229	L	S	-5.06	Deleterious	132	30	0.001	Damaging	2.81	127
247	ENSP00000371483, 598, R, C	ENSP00000371483	598	R	C	-3.96	Deleterious	132	30	0.002	Damaging	2.82	123
248	ENSP00000371483, 137, S, R	ENSP00000371483	137	S	R	-1.27	Neutral	132	30	0.008	Damaging	2.81	127
249	ENSP00000371483, 234, V, M	ENSP00000371483	234	V	M	0.53	Neutral	132	30	0.022	Damaging	2.81	127
250	ENSP00000371483, 99, G, A	ENSP00000371483	99	G	A	-0.77	Neutral	132	30	0.531	Tolerated	2.81	99
251	ENSP00000371483, 654, G, W	ENSP00000371483	654	G	W	-1.59	Neutral	132	30	0.010	Damaging	3.33	35
252	ENSP00000371483, 563, V, I	ENSP00000371483	563	V	I	0.09	Neutral	132	30	0.678	Tolerated	2.82	125
253	ENSP00000371483, 584, P, T	ENSP00000371483	584	P	T	-6.46	Deleterious	132	30	0.000	Damaging	2.92	118
254	ENSP00000371483, 627, R, C	ENSP00000371483	627	R	C	-1.89	Neutral	132	30	0.003	Damaging	3.07	46
255	ENSP00000371483, 687, C, S	ENSP00000371483	687	C	S	-0.42	Neutral	132	30	0.890	Tolerated	3.90	19
256	ENSP00000371483, 271, F, L	ENSP00000371483	271	F	L	-2.40	Neutral	132	30	0.343	Tolerated	2.81	127
257	ENSP00000371483, 293, A, V	ENSP00000371483	293	A	V	-2.36	Neutral	132	30	0.327	Tolerated	2.84	123
258	ENSP00000371483, 473, A, V	ENSP00000371483	473	A	V	-3.50	Deleterious	132	30	0.002	Damaging	2.80	126
259	ENSP00000371483, 500, L, W	ENSP00000371483	500	L	W	-5.08	Deleterious	132	30	0.000	Damaging	2.81	127
260	ENSP00000371483, 567, I, F	ENSP00000371483	567	I	F	-1.75	Neutral	132	30	0.484	Tolerated	2.82	124
261	ENSP00000371483, 688, T, M	ENSP00000371483	688	T	M	-1.72	Neutral	132	30	0.002	Damaging	3.90	19
262	ENSP00000371483, 190, I, M	ENSP00000371483	190	I	M	-2.38	Neutral	132	30	0.006	Damaging	2.81	127
263	ENSP00000371483, 190, I, M	ENSP00000371483	190	I	M	-2.38	Neutral	132	30	0.006	Damaging	2.81	127
264	ENSP00000371483, 647, D, E	ENSP00000371483	647	D	E	-0.60	Neutral	132	30	0.232	Tolerated	3.24	41
265	ENSP00000371483, 468, T, A	ENSP00000371483	468	T	A	-4.58	Deleterious	132	30	0.003	Damaging	2.81	127
266	ENSP00000371483, 15, D, N	ENSP00000371483	15	D	N	0.67	Neutral	132	30	1.000	Tolerated	3.58	40
267	ENSP00000371483, 503, Y, F	ENSP00000371483	503	Y	F	-3.60	Deleterious	132	30	0.019	Damaging	2.81	127
268	ENSP00000371483, 461, S, C	ENSP00000371483	461	S	C	-4.23	Deleterious	132	30	0.001	Damaging	2.81	127
269	ENSP00000371483, 461, S, C	ENSP00000371483	461	S	C	-4.23	Deleterious	132	30	0.001	Damaging	2.81	127
270	ENSP00000371483, 461, S, C	ENSP00000371483	461	S	C	-4.23	Deleterious	132	30	0.001	Damaging	2.81	127
271	ENSP00000371483, 461, S, C	ENSP00000371483	461	S	C	-4.23	Deleterious	132	30	0.001	Damaging	2.81	127
272	ENSP00000371483, 318, S, W	ENSP00000371483	318	S	W	-3.82	Deleterious	132	30	0.002	Damaging	2.86	108
273	ENSP00000371483, 571, C, F	ENSP00000371483	571	C	F	-0.41	Neutral	132	30	0.287	Tolerated	2.85	123
274	ENSP00000371483, 257, G, R	ENSP00000371483	257	G	R	-7.08	Deleterious	132	30	0.002	Damaging	2.81	127
275	ENSP00000371483, 150, G, E	ENSP00000371483	150	G	E	-6.64	Deleterious	132	30	0.001	Damaging	2.81	127
276	ENSP00000371483, 150, G, E	ENSP00000371483	150	G	E	-6.64	Deleterious	132	30	0.001	Damaging	2.81	127
277	ENSP00000371483, 232, L, F	ENSP00000371483	232	L	F	-3.78	Deleterious	132	30	0.057	Tolerated	2.81	127
278	ENSP00000371483, 171, V, A	ENSP00000371483	171	V	A	-3.39	Deleterious	132	30	0.001	Damaging	2.81	127
279	ENSP00000371483, 290, D, N	ENSP00000371483	290	D	N	-2.72	Deleterious	132	30	0.158	Tolerated	2.82	126
280	ENSP00000371483, 108, L, F	ENSP00000371483	108	L	F	-3.16	Deleterious	132	30	0.035	Damaging	2.83	123
281	ENSP00000371483, 154, T, A	ENSP00000371483	154	T	A	-4.28	Deleterious	132	30	0.006	Damaging	2.81	127
282	ENSP00000371483, 347, I, S	ENSP00000371483	347	I	S	-4.04	Deleterious	132	30	0.018	Damaging	2.84	92
283	ENSP00000371483, 207, R, Q	ENSP00000371483	207	R	Q	-3.20	Deleterious	132	30	0.050	Damaging	2.83	126
284	ENSP00000371483, 425, G, R	ENSP00000371483	425	G	R	-6.47	Deleterious	132	30	0.028	Damaging	2.81	127
285	ENSP00000371483, 645, C, R	ENSP00000371483	645	C	R	-2.91	Deleterious	132	30	0.079	Tolerated	3.27	40
286	ENSP00000371483, 234, V, M	ENSP00000371483	234	V	M	0.53	Neutral	132	30	0.022	Damaging	2.81	127
287	ENSP00000371483, 352, H, Y	ENSP00000371483	352	H	Y	-5.08	Deleterious	132	30	0.065	Tolerated	2.81	127
288	ENSP00000371483, 345, E, K	ENSP00000371483	345	E	K	-2.01	Neutral	132	30	0.581	Tolerated	2.84	87
289	ENSP00000371483, 13, N, S	ENSP00000371483	13	N	S	-0.85	Neutral	132	30	0.044	Damaging	3.52	42
290	ENSP00000371483, 308, N, K	ENSP00000371483	308	N	K	-2.60	Deleterious	132	30	0.309	Tolerated	2.84	100
291	ENSP00000371483, 299, V, D	ENSP00000371483	299	V	D	-5.73	Deleterious	132	30	0.000	Damaging	2.82	125
292	ENSP00000371483, 536, F, I	ENSP00000371483	536	F	I	0.15	Neutral	132	30	0.120	Tolerated	2.82	125
293	ENSP00000371483, 33, K, E	ENSP00000371483	33	K	E	-0.26	Neutral	132	30	0.705	Tolerated	3.19	53
294	ENSP00000371483, 234, V, M	ENSP00000371483	234	V	M	0.53	Neutral	132	30	0.022	Damaging	2.81	127
295	ENSP00000371483, 534, I, F	ENSP00000371483	534	I	F	-2.96	Deleterious	132	30	0.003	Damaging	2.81	126
296	ENSP00000371483, 229, L, S	ENSP00000371483	229	L	S	-5.06	Deleterious	132	30	0.001	Damaging	2.81	127
297	ENSP00000371483, 14, P, S	ENSP00000371483	14	P	S	-1.17	Neutral	132	30	0.295	Tolerated	3.52	41
298	ENSP00000371483, 458, T, M	ENSP00000371483	458	T	M	-4.26	Deleterious	132	30	0.042	Damaging	2.81	127
299	ENSP00000371483, 451, I, F	ENSP00000371483	451	I	F	-3.03	Deleterious	132	30	0.006	Damaging	2.81	127
300	ENSP00000371483, 423, G, R	ENSP00000371483	423	G	R	-7.79	Deleterious	132	30	0.000	Damaging	2.81	127
301	ENSP00000371483, 217, A, S	ENSP00000371483	217	A	S	-2.63	Deleterious	132	30	0.052	Tolerated	2.81	127
302	ENSP00000371483, 90, K, E	ENSP00000371483	90	K	E	-2.73	Deleterious	132	30	0.002	Damaging	2.81	97
303	ENSP00000371483, 317, P, S	ENSP00000371483	317	P	S	-3.80	Deleterious	132	30	0.099	Tolerated	2.90	104
304	ENSP00000371483, 584, P, L	ENSP00000371483	584	P	L	-8.08	Deleterious	132	30	0.000	Damaging	2.92	118
305	ENSP00000371483, 687, C, S	ENSP00000371483	687	C	S	-0.42	Neutral	132	30	0.890	Tolerated	3.90	19
306	ENSP00000371483, 558, V, G	ENSP00000371483	558	V	G	-5.98	Deleterious	132	30	0.000	Damaging	2.84	124
307	ENSP00000371483, 365, G, S	ENSP00000371483	365	G	S	-5.66	Deleterious	132	30	0.000	Damaging	2.81	127
308	ENSP00000371483, 282, V, A	ENSP00000371483	282	V	A	-3.59	Deleterious	132	30	0.022	Damaging	2.82	125
309	ENSP00000371483, 451, I, F	ENSP00000371483	451	I	F	-3.03	Deleterious	132	30	0.006	Damaging	2.81	127
310	ENSP00000371483, 617, R, C	ENSP00000371483	617	R	C	-1.26	Neutral	132	30	0.198	Tolerated	3.10	52
311	ENSP00000371483, 383, I, T	ENSP00000371483	383	I	T	-4.21	Deleterious	132	30	0.002	Damaging	2.81	127
312	ENSP00000371483, 175, L, S	ENSP00000371483	175	L	S	-4.49	Deleterious	132	30	0.040	Damaging	2.82	126
313	ENSP00000371483, 473, A, T	ENSP00000371483	473	A	T	-3.53	Deleterious	132	30	0.002	Damaging	2.80	126
314	ENSP00000371483, 607, V, I	ENSP00000371483	607	V	I	0.29	Neutral	132	30	1.000	Tolerated	2.81	120
315	ENSP00000371483, 112, V, M	ENSP00000371483	112	V	M	-2.46	Neutral	132	30	0.002	Damaging	2.83	123
316	ENSP00000371483, 155, V, I	ENSP00000371483	155	V	I	-0.66	Neutral	132	30	0.019	Damaging	2.81	127
317	ENSP00000371483, 429, I, S	ENSP00000371483	429	I	S	-5.34	Deleterious	132	30	0.001	Damaging	2.81	127
318	ENSP00000371483, 331, D, N	ENSP00000371483	331	D	N	-1.85	Neutral	132	30	0.194	Tolerated	2.87	104
319	ENSP00000371483, 179, R, W	ENSP00000371483	179	R	W	-4.32	Deleterious	132	30	0.004	Damaging	2.81	127
320	ENSP00000371483, 99, G, W	ENSP00000371483	99	G	W	-2.57	Deleterious	132	30	0.187	Tolerated	2.81	99
321	ENSP00000371483, 628, A, T	ENSP00000371483	628	A	T	-0.19	Neutral	132	30	0.700	Tolerated	3.13	44
322	ENSP00000371483, 416, G, S	ENSP00000371483	416	G	S	-5.40	Deleterious	132	30	0.024	Damaging	2.81	127
323	ENSP00000371483, 506, P, R	ENSP00000371483	506	P	R	-8.27	Deleterious	132	30	0.000	Damaging	2.81	127
324	ENSP00000371483, 438, S, L	ENSP00000371483	438	S	L	-5.66	Deleterious	132	30	0.001	Damaging	2.81	127
325	ENSP00000371483, 626, C, S	ENSP00000371483	626	C	S	-1.88	Neutral	132	30	0.207	Tolerated	3.07	46
326	ENSP00000371483, 318, S, W	ENSP00000371483	318	S	W	-3.82	Deleterious	132	30	0.002	Damaging	2.86	108
327	ENSP00000371483, 469, A, T	ENSP00000371483	469	A	T	-3.16	Deleterious	132	30	0.060	Tolerated	2.81	127
328	ENSP00000371483, 468, A, T	reference AA not matched											
329	ENSP00000371483, 468, A, T	reference AA not matched											
330	ENSP00000371483, 22, A, T	ENSP00000371483	22	A	T	0.20	Neutral	132	30	0.949	Tolerated	3.47	38
331	ENSP00000371483, 22, A, T	ENSP00000371483	22	A	T	0.20	Neutral	132	30	0.949	Tolerated	3.47	38
332	ENSP00000371483, 22, A, T	ENSP00000371483	22	A	T	0.20	Neutral	132	30	0.949	Tolerated	3.47	38
333	ENSP00000371483, 22, A, T	ENSP00000371483	22	A	T	0.20	Neutral	132	30	0.949	Tolerated	3.47	38
334	ENSP00000371483, 22, A, T	ENSP00000371483	22	A	T	0.20	Neutral	132	30	0.949	Tolerated	3.47	38
335	ENSP00000371483, 626, R, H	reference AA not matched											
336	ENSP00000371483, 626, R, H	reference AA not matched											
337	ENSP00000371483, 627, R, H	ENSP00000371483	627	R	H	-1.38	Neutral	132	30	0.010	Damaging	3.07	46
338	ENSP00000371483, 633, D, G	reference AA not matched											
339	ENSP00000371483, 633, D, G	reference AA not matched											
340	ENSP00000371483, 634, D, G	ENSP00000371483	634	D	G	1.94	Neutral	132	30	1.000	Tolerated	3.50	32
341	ENSP00000371483, 542, T, M	reference AA not matched											
342	ENSP00000371483, 543, T, M	ENSP00000371483	543	T	M	-0.20	Neutral	132	30	0.146	Tolerated	2.82	125
343	ENSP00000371483, 542, T, M	reference AA not matched											
344	ENSP00000371483, 633, D, G	reference AA not matched											
345	ENSP00000371483, 633, D, G	reference AA not matched											
346	ENSP00000371483, 634, D, G	ENSP00000371483	634	D	G	1.94	Neutral	132	30	1.000	Tolerated	3.50	32
347	ENSP00000371483, 633, D, G	reference AA not matched											
348	ENSP00000371483, 633, D, G	reference AA not matched											
349	ENSP00000371483, 634, D, G	ENSP00000371483	634	D	G	1.94	Neutral	132	30	1.000	Tolerated	3.50	32
350	ENSP00000371483, 633, D, G	reference AA not matched											
351	ENSP00000371483, 633, D, G	reference AA not matched											
352	ENSP00000371483, 634, D, G	ENSP00000371483	634	D	G	1.94	Neutral	132	30	1.000	Tolerated	3.50	32
353	ENSP00000371483, 633, D, G	reference AA not matched											
354	ENSP00000371483, 633, D, G	reference AA not matched											
355	ENSP00000371483, 634, D, G	ENSP00000371483	634	D	G	1.94	Neutral	132	30	1.000	Tolerated	3.50	32
356	ENSP00000371483, 329, T, M	reference AA not matched											
357	ENSP00000371483, 330, T, M	ENSP00000371483	330	T	M	-2.64	Deleterious	132	30	0.021	Damaging	2.88	102
358	ENSP00000371483, 329, T, M	reference AA not matched											
359	ENSP00000371483, 25, Q, L	ENSP00000371483	25	Q	L	-1.40	Neutral	132	30	0.022	Damaging	3.39	41
360	ENSP00000371483, 25, Q, L	ENSP00000371483	25	Q	L	-1.40	Neutral	132	30	0.022	Damaging	3.39	41
361	ENSP00000371483, 25, Q, L	ENSP00000371483	25	Q	L	-1.40	Neutral	132	30	0.022	Damaging	3.39	41
362	ENSP00000371483, 25, Q, L	ENSP00000371483	25	Q	L	-1.40	Neutral	132	30	0.022	Damaging	3.39	41
363	ENSP00000371483, 25, Q, L	ENSP00000371483	25	Q	L	-1.40	Neutral	132	30	0.022	Damaging	3.39	41
364	ENSP00000371483, 343, K, N	reference AA not matched											
365	ENSP00000371483, 344, K, N	ENSP00000371483	344	K	N	-1.48	Neutral	132	30	0.303	Tolerated	2.87	113
366	ENSP00000371483, 343, K, N	reference AA not matched											
367	ENSP00000371483, 262, D, Y	ENSP00000371483	262	D	Y	-5.20	Deleterious	132	30	0.002	Damaging	2.81	127
368	ENSP00000371483, 261, D, Y	reference AA not matched											
369	ENSP00000371483, 261, D, Y	reference AA not matched											
370	ENSP00000371483, 233, V, L	reference AA not matched											
371	ENSP00000371483, 234, V, L	ENSP00000371483	234	V	L	1.82	Neutral	132	30	1.000	Tolerated	2.81	127
372	ENSP00000371483, 233, V, L	reference AA not matched											
373	ENSP00000371483, 131, Q, L	reference AA not matched											
374	ENSP00000371483, 131, Q, L	reference AA not matched											
375	ENSP00000371483, 132, Q, L	ENSP00000371483	132	Q	L	-3.56	Deleterious	132	30	0.022	Damaging	2.80	126
376	ENSP00000371483, 131, Q, L	reference AA not matched											
377	ENSP00000371483, 132, Q, L	ENSP00000371483	132	Q	L	-3.56	Deleterious	132	30	0.022	Damaging	2.80	126
378	ENSP00000371483, 296, S, I	reference AA not matched											
379	ENSP00000371483, 296, S, I	reference AA not matched											
380	ENSP00000371483, 297, S, I	ENSP00000371483	297	S	I	-5.48	Deleterious	132	30	0.000	Damaging	2.82	125
381	ENSP00000371483, 254, K, N	reference AA not matched											
382	ENSP00000371483, 254, K, N	reference AA not matched											
383	ENSP00000371483, 255, K, N	ENSP00000371483	255	K	N	-1.48	Neutral	132	30	0.194	Tolerated	2.84	126
384	ENSP00000371483, 42, A, S	reference AA not matched											
385	ENSP00000371483, 43, A, S	ENSP00000371483	43	A	S	0.44	Neutral	132	30	0.536	Tolerated	3.12	56
386	ENSP00000371483, 42, A, S	reference AA not matched											
387	ENSP00000371483, 43, A, S	ENSP00000371483	43	A	S	0.44	Neutral	132	30	0.536	Tolerated	3.12	56
388	ENSP00000371483, 42, A, S	reference AA not matched											
389	ENSP00000371483, 298, V, F	reference AA not matched											
390	ENSP00000371483, 299, V, F	ENSP00000371483	299	V	F	-3.24	Deleterious	132	30	0.001	Damaging	2.82	125
391	ENSP00000371483, 298, V, F	reference AA not matched											
392	ENSP00000371483, 557, V, F	reference AA not matched											
393	ENSP00000371483, 558, V, F	ENSP00000371483	558	V	F	-3.96	Deleterious	132	30	0.040	Damaging	2.84	124
394	ENSP00000371483, 557, V, F	reference AA not matched											
395	ENSP00000371483, 522, A, S	reference AA not matched											
396	ENSP00000371483, 523, A, S	ENSP00000371483	523	A	S	-2.10	Neutral	132	30	0.089	Tolerated	2.81	127
397	ENSP00000371483, 522, A, S	reference AA not matched											
398	ENSP00000371483, 423, A, S	reference AA not matched											
399	ENSP00000371483, 424, A, S	ENSP00000371483	424	A	S	-2.59	Deleterious	132	30	0.003	Damaging	2.81	127
400	ENSP00000371483, 423, A, S	reference AA not matched											
401	ENSP00000371483, 522, A, S	reference AA not matched											
402	ENSP00000371483, 523, A, S	ENSP00000371483	523	A	S	-2.10	Neutral	132	30	0.089	Tolerated	2.81	127
403	ENSP00000371483, 522, A, S	reference AA not matched											
404	ENSP00000371483, 377, G, C	reference AA not matched											
405	ENSP00000371483, 378, G, C	ENSP00000371483	378	G	C	-0.69	Neutral	132	30	0.087	Tolerated	2.81	127
406	ENSP00000371483, 377, G, C	reference AA not matched											
407	ENSP00000371483, 11, Q, H	ENSP00000371483	11	Q	H	-0.01	Neutral	132	30	0.123	Tolerated	3.52	42
408	ENSP00000371483, 11, Q, H	ENSP00000371483	11	Q	H	-0.01	Neutral	132	30	0.123	Tolerated	3.52	42
409	ENSP00000371483, 11, Q, H	ENSP00000371483	11	Q	H	-0.01	Neutral	132	30	0.123	Tolerated	3.52	42
410	ENSP00000371483, 11, Q, H	ENSP00000371483	11	Q	H	-0.01	Neutral	132	30	0.123	Tolerated	3.52	42
411	ENSP00000371483, 11, Q, H	ENSP00000371483	11	Q	H	-0.01	Neutral	132	30	0.123	Tolerated	3.52	42
412	ENSP00000371483, 665, D, Y	reference AA not matched											
413	ENSP00000371483, 665, D, Y	reference AA not matched											
414	ENSP00000371483, 666, D, Y	ENSP00000371483	666	D	Y	-3.94	Deleterious	132	30	0.004	Damaging	3.40	36
415	ENSP00000371483, 424, G, V	reference AA not matched											
416	ENSP00000371483, 424, G, V	reference AA not matched											
417	ENSP00000371483, 425, G, V	ENSP00000371483	425	G	V	-6.74	Deleterious	132	30	0.355	Tolerated	2.81	127
418	ENSP00000371483, 86, D, Y	ENSP00000371483	86	D	Y	-4.77	Deleterious	132	30	0.006	Damaging	2.81	95
419	ENSP00000371483, 38, T, I	ENSP00000371483	38	T	I	-0.68	Neutral	132	30	0.022	Damaging	3.14	37
420	ENSP00000371483, 274, L, F	ENSP00000371483	274	L	F	-2.73	Deleterious	132	30	0.167	Tolerated	2.81	127
421	ENSP00000371483, 488, A, T	ENSP00000371483	488	A	T	-2.88	Deleterious	132	30	0.047	Damaging	2.81	127
422	ENSP00000371483, 658, P, T	ENSP00000371483	658	P	T	-2.19	Neutral	132	30	0.067	Tolerated	3.29	40
423	ENSP00000371483, 3, P, S	ENSP00000371483	3	P	S	-2.06	Neutral	132	30	0.044	Damaging	3.61	41
424	ENSP00000371483, 677, E, K	ENSP00000371483	677	E	K	0.02	Neutral	132	30	0.332	Tolerated	3.61	32
425	ENSP00000371483, 205, G, R	ENSP00000371483	205	G	R	-5.67	Deleterious	132	30	0.040	Damaging	2.83	126
426	ENSP00000371483, 68, D, N	ENSP00000371483	68	D	N	-2.70	Deleterious	132	30	0.007	Damaging	2.93	82
427	ENSP00000371483, 679, P, T	ENSP00000371483	679	P	T	-1.02	Neutral	132	30	0.275	Tolerated	3.64	23
428	ENSP00000371483, 595, L, M	ENSP00000371483	595	L	M	-0.33	Neutral	132	30	0.176	Tolerated	2.82	123
429	ENSP00000371483, 137, S, I	ENSP00000371483	137	S	I	-3.57	Deleterious	132	30	0.001	Damaging	2.81	127
430	ENSP00000371483, 572, L, P	ENSP00000371483	572	L	P	-4.03	Deleterious	132	30	0.001	Damaging	2.85	123
431	ENSP00000371483, 242, E, K	ENSP00000371483	242	E	K	-1.06	Neutral	132	30	0.271	Tolerated	2.81	127
432	ENSP00000371483, 550, A, T	ENSP00000371483	550	A	T	-3.57	Deleterious	132	30	0.004	Damaging	2.82	125
433	ENSP00000371483, 645, C, Y	ENSP00000371483	645	C	Y	-3.48	Deleterious	132	30	0.022	Damaging	3.27	40
434	ENSP00000371483, , f, n	input format error											
435	ENSP00000371483, , f, n	input format error											
436	ENSP00000371483, , f, n	input format error											
437	ENSP00000371483, , f, n	input format error											
438	ENSP00000371483, 493, F, L	ENSP00000371483	493	F	L	-4.78	Deleterious	132	30	0.038	Damaging	2.81	127
439	ENSP00000371483, 65, E, K	ENSP00000371483	65	E	K	-1.45	Neutral	132	30	0.085	Tolerated	2.94	76
440	ENSP00000371483, 522, S, F	ENSP00000371483	522	S	F	-3.33	Deleterious	132	30	0.000	Damaging	2.81	127
441	ENSP00000371483, 556, V, F	ENSP00000371483	556	V	F	-3.47	Deleterious	132	30	0.006	Damaging	2.82	125
442	ENSP00000371483, , f, n	input format error											
443	ENSP00000371483, , f, n	input format error											
444	ENSP00000371483, 274, L, I	ENSP00000371483	274	L	I	-1.39	Neutral	132	30	0.133	Tolerated	2.81	127
445	ENSP00000371483, 396, A, T	ENSP00000371483	396	A	T	-3.25	Deleterious	132	30	0.015	Damaging	2.81	127
446	ENSP00000371483, 518, L, M	ENSP00000371483	518	L	M	-1.70	Neutral	132	30	0.032	Damaging	2.81	127
447	ENSP00000371483, 13, N, Y	ENSP00000371483	13	N	Y	-1.44	Neutral	132	30	0.009	Damaging	3.52	42
448	ENSP00000371483, 513, R, C	ENSP00000371483	513	R	C	-6.11	Deleterious	132	30	0.020	Damaging	2.81	127
449	ENSP00000371483, 136, N, S	ENSP00000371483	136	N	S	-1.10	Neutral	132	30	0.187	Tolerated	2.81	127
450	ENSP00000371483, 675, Q, R	ENSP00000371483	675	Q	R	-0.75	Neutral	132	30	0.283	Tolerated	3.56	35
451	ENSP00000371483, 607, V, I	ENSP00000371483	607	V	I	0.29	Neutral	132	30	1.000	Tolerated	2.81	120
452	ENSP00000371483, 213, A, T	ENSP00000371483	213	A	T	-3.71	Deleterious	132	30	0.002	Damaging	2.81	127
453	ENSP00000371483, 539, L, M	ENSP00000371483	539	L	M	-1.35	Neutral	132	30	0.006	Damaging	2.82	125
454	ENSP00000371483, 685, T, I	ENSP00000371483	685	T	I	-0.65	Neutral	132	30	0.017	Damaging	3.90	19
455	ENSP00000371483, 114, S, F	ENSP00000371483	114	S	F	-5.14	Deleterious	132	30	0.000	Damaging	2.82	124
456	ENSP00000371483, 174, S, L	ENSP00000371483	174	S	L	-4.10	Deleterious	132	30	0.008	Damaging	2.81	127
457	ENSP00000371483, 426, M, I	ENSP00000371483	426	M	I	-3.49	Deleterious	132	30	0.060	Tolerated	2.81	127
